Rank,learning_rate,batch_size,hidden_sizes,dropout,num_epochs,optimizer,Train_Acc,Val_Acc,Test_Acc,Epochs,Params
1,0.001,64,"[256, 128]",0.1,30,adam,0.7505073280721534,0.7314977200982111,0.7269857969489742,30,730278
2,0.005,64,"[256, 128]",0.1,30,sgd,0.7484404359263435,0.7072956857243072,0.6922672277748554,30,730278
3,0.0005,32,"[512, 256, 128]",0.1,30,adam,0.7372040586245773,0.6995790950543669,0.6936699982465369,30,1554086
4,0.005,32,"[256, 128]",0.1,20,sgd,0.6922585494175122,0.694317783233953,0.680343678765562,20,730278
5,0.001,128,"[256, 128]",0.1,30,adam,0.7362645621946636,0.6923886355664679,0.6842012975626863,30,730278
6,0.001,64,"[512, 256, 128]",0.1,30,adam,0.7217211574596016,0.6887057172921782,0.6856040680343679,30,1554086
7,0.0005,64,"[256, 128]",0.1,30,adam,0.7505824877865465,0.6843212907751666,0.680343678765562,30,730278
8,0.005,32,"[256, 128]",0.1,30,sgd,0.718977827884254,0.679936864258155,0.6761353673505173,25,730278
9,0.005,32,"[512, 256, 128]",0.1,30,sgd,0.700826756858324,0.6718695194668537,0.6605295458530598,25,1554086
10,0.0005,64,"[512, 256, 128]",0.1,30,adam,0.7272453964674934,0.670817257102771,0.658951429072418,30,1554086
11,0.001,64,"[256, 128]",0.1,20,adam,0.6888763622698234,0.6690634864959664,0.6706996317727512,20,730278
12,0.0005,32,"[256, 128]",0.1,20,adam,0.6801202555430289,0.6639775517362329,0.6615816237068209,20,730278
13,0.0005,128,"[256, 128]",0.2,30,adam,0.6773017662532882,0.6638021746755525,0.6615816237068209,30,730278
14,0.0005,64,"[256, 128]",0.2,30,adam,0.661292747087561,0.6608207646439845,0.6521129230229704,30,730278
15,0.0005,32,"[256, 128]",0.1,30,adam,0.7236753100338219,0.6581901087337776,0.6582500438365773,28,730278
16,0.0005,64,"[1024, 512, 256, 128]",0.1,30,adam,0.6786922209695603,0.6560855840056121,0.6557951955111345,30,3463846
17,0.001,32,"[256, 128]",0.1,30,adam,0.7329575347613679,0.6548579445808488,0.6529896545677714,30,730278
18,0.0001,32,"[1024, 512, 256, 128]",0.2,30,adam,0.6771890266816986,0.6546825675201684,0.6519375767140102,30,3463846
19,0.0005,128,"[256, 128]",0.1,30,adam,0.6989477639984968,0.6532795510347247,0.6514115377871296,30,730278
20,0.001,128,"[256, 128]",0.2,30,adam,0.6299887260428411,0.6513504033672396,0.6484306505348062,30,730278
21,0.0005,64,"[512, 256, 128]",0.2,30,adam,0.657271702367531,0.6506488951245177,0.6531650008767316,30,1554086
22,0.001,32,"[256, 128]",0.1,20,adam,0.6854941751221345,0.6490705015783935,0.6372084867613537,20,730278
23,0.005,32,"[512, 256, 128]",0.1,20,sgd,0.647576099210823,0.641704665029814,0.6438716465018411,20,1554086
24,0.0005,128,"[512, 256, 128]",0.1,30,adam,0.6902292371288989,0.6350403367239565,0.6386112572330352,27,1554086
25,0.0005,32,"[1024, 512, 256, 128]",0.1,30,adam,0.6701615933859452,0.6331111890564715,0.6298439417850255,30,3463846
26,0.0005,128,"[256, 128]",0.2,20,adam,0.6093198045847426,0.6324096808137496,0.6328248290373487,20,730278
27,0.0005,64,"[512, 256, 128]",0.2,20,adam,0.621608417888012,0.6320589266923886,0.6417674907943188,20,1554086
28,0.001,128,"[512, 256, 128]",0.1,30,adam,0.684968057121383,0.6308312872676254,0.630369980711906,28,1554086
29,0.001,128,"[512, 256, 128]",0.1,20,adam,0.6517098835024427,0.6306559102069449,0.6230054357355778,20,1554086
30,0.005,64,"[512, 256, 128]",0.1,30,sgd,0.6977076287110109,0.6304805331462645,0.6275644397685429,30,1554086
31,0.001,128,"[256, 128]",0.1,20,adam,0.6567455843667794,0.6301297790249035,0.6265123619147817,20,730278
32,0.0005,32,"[512, 256, 128]",0.1,20,adam,0.6469748214956783,0.6297790249035427,0.6189724706294932,20,1554086
33,0.005,32,"[256, 128]",0.2,20,sgd,0.5658023299511462,0.6294282707821817,0.6200245484832544,20,730278
34,0.0005,128,"[512, 256, 128]",0.2,30,adam,0.6293498684704998,0.6290775166608208,0.6212519726459758,30,1554086
35,0.0005,128,"[256, 128]",0.1,20,adam,0.6355881247651259,0.6289021396001403,0.6291425565491846,20,730278
36,0.0001,32,"[512, 256, 128]",0.2,30,adam,0.6434798947763999,0.6283760084180989,0.6242328598982991,30,1554086
37,0.005,32,"[1024, 512, 256, 128]",0.1,30,sgd,0.696880871852687,0.6278498772360576,0.6237068209714185,30,3463846
38,0.005,64,"[256, 128]",0.1,20,sgd,0.6488538143555055,0.6271483689933357,0.6272137471506225,20,730278
39,0.0005,32,"[512, 256, 128]",0.2,30,adam,0.6218714768883878,0.6267976148719747,0.623180782044538,30,1554086
40,0.0005,64,"[256, 128]",0.2,20,adam,0.6156708004509582,0.6255699754472115,0.6159915833771699,20,730278
41,0.0005,64,"[256, 128]",0.1,20,adam,0.6514092446448704,0.6252192213258506,0.6191478169384534,20,730278
42,0.0005,128,"[256, 128]",0.3,30,adam,0.6178504321683578,0.6234654507190459,0.6265123619147817,29,730278
43,0.001,64,"[256, 128]",0.2,30,adam,0.6137166478767381,0.623114696597685,0.6096791162546028,30,730278
44,0.001,32,"[256, 128]",0.1,15,adam,0.6033070274332958,0.6215363030515608,0.6112572330352446,15,730278
45,0.0005,128,"[512, 256, 128]",0.1,20,adam,0.6494926719278467,0.6215363030515608,0.62493424513414,20,1554086
46,0.001,64,"[256, 128]",0.2,20,adam,0.5832018038331455,0.6206594177481586,0.6180957390846923,20,730278
47,0.0005,32,"[256, 128]",0.1,15,adam,0.6377677564825254,0.6190810242020344,0.6088023847098019,15,730278
48,0.001,128,"[512, 256, 128]",0.2,30,adam,0.5974821495678316,0.6176780077165906,0.6168683149219709,30,1554086
49,0.0005,32,"[256, 128]",0.2,30,adam,0.5987222848553175,0.6175026306559102,0.6123093108890058,30,730278
50,0.005,128,"[512, 256, 128]",0.1,30,adam,0.5702743329575347,0.6160996141704665,0.6014378397334736,30,1554086
51,0.001,32,"[512, 256, 128]",0.1,20,adam,0.6498308906426156,0.6157488600491056,0.623180782044538,20,1554086
52,0.001,128,"[1024, 512, 256, 128]",0.1,30,adam,0.6279594137542277,0.6155734829884251,0.6194985095563739,30,3463846
53,0.0001,32,"[256, 128]",0.1,30,adam,0.6364148816234498,0.6143458435636618,0.6089777310187621,30,730278
54,0.0005,32,"[1024, 512, 256, 128]",0.1,20,adam,0.5969936114242765,0.6132935811995791,0.6117832719621252,20,3463846
55,0.005,32,"[1024, 512, 256, 128]",0.2,30,sgd,0.6028936490041338,0.6120659417748159,0.6089777310187621,30,3463846
56,0.001,64,"[256, 128]",0.1,15,adam,0.612326193160466,0.6115398105927745,0.6010871471155532,15,730278
57,0.0001,64,"[512, 256, 128]",0.1,30,adam,0.6546786922209695,0.6092599088039284,0.6045940732947571,30,1554086
58,0.001,128,"[256, 128]",0.1,15,adam,0.6013904547162721,0.6076815152578042,0.602665263896195,15,730278
59,0.0001,32,"[256, 128]",0.2,30,adam,0.597369409996242,0.6069800070150825,0.6049447659126775,30,730278
60,0.0001,64,"[512, 256, 128]",0.1,20,adam,0.5781285231116122,0.6066292528937215,0.6016131860424339,20,1554086
61,0.0001,64,"[256, 128]",0.1,30,adam,0.5924840285606915,0.6047001052262364,0.5970541820094687,30,730278
62,0.0001,64,"[512, 256, 128]",0.2,30,adam,0.5986095452837279,0.6045247281655559,0.5975802209363493,30,1554086
63,0.0005,32,"[512, 256, 128]",0.1,15,adam,0.5881247651258925,0.6043493511048755,0.5972295283184289,15,1554086
64,0.0001,64,"[1024, 512, 256, 128]",0.1,30,adam,0.6168733558812477,0.6043493511048755,0.5984569524811503,30,3463846
65,0.005,128,"[256, 128]",0.1,15,adam,0.5591882750845547,0.6034724658014732,0.6033666491320357,15,730278
66,0.001,32,"[256, 128]",0.1,30,sgd,0.6322810973318301,0.6027709575587513,0.5944239873750657,30,730278
67,0.005,128,"[256, 128]",0.1,20,adam,0.5862081924088689,0.6008418098912662,0.5956514115377871,20,730278
68,0.005,128,"[256, 128]",0.1,30,sgd,0.6596016535137167,0.6008418098912662,0.5889882517972996,30,730278
69,0.0005,64,"[256, 128]",0.1,15,adam,0.6085682074408117,0.5999649245878639,0.5924951779765036,15,730278
70,0.001,32,"[512, 256, 128]",0.1,30,adam,0.609282224727546,0.5997895475271835,0.6044187269857969,25,1554086
71,0.0005,128,"[256, 128]",0.2,15,adam,0.546335963923337,0.5997895475271835,0.5938979484481852,15,730278
72,0.0005,64,"[512, 256, 128]",0.1,20,adam,0.6473506200676438,0.5990880392844616,0.5872347887076977,20,1554086
73,0.0001,32,"[1024, 512, 256, 128]",0.1,30,adam,0.6423149192033071,0.5969835145562961,0.5921444853585832,30,3463846
74,0.0001,64,"[256, 128]",0.2,30,adam,0.5583990980834272,0.5969835145562961,0.5865334034718569,30,730278
75,0.005,64,"[256, 128]",0.3,30,sgd,0.5035700864336715,0.5962820063135742,0.5909170611958618,30,730278
76,0.0005,64,"[256, 128]",0.3,30,adam,0.5565576850807967,0.595054366888811,0.5870594423987375,30,730278
77,0.0001,32,"[512, 256, 128]",0.1,30,adam,0.6789928598271326,0.59470361276745,0.5912677538137823,30,1554086
78,0.0005,64,"[512, 256, 128]",0.1,15,adam,0.6438932732055618,0.592423710978604,0.5900403296510608,15,1554086
79,0.005,64,"[256, 128]",0.1,15,sgd,0.5650131529500187,0.5917222027358822,0.58039628265825,15,730278
80,0.001,64,"[1024, 512, 256, 128]",0.1,30,adam,0.6486283352123262,0.5917222027358822,0.593722602139225,30,3463846
81,0.0005,128,"[512, 256, 128]",0.1,15,adam,0.5650131529500187,0.5910206944931603,0.5781167806417675,15,1554086
82,0.001,64,"[512, 256, 128]",0.2,30,adam,0.5663284479518977,0.5908453174324798,0.5833771699105734,30,1554086
83,0.0001,32,"[256, 128]",0.1,20,adam,0.5547162720781661,0.5892669238863557,0.5784674732596878,20,730278
84,0.0005,128,"[512, 256, 128]",0.2,15,adam,0.5400601277715145,0.5887407927043142,0.5853059793091355,15,1554086
85,0.005,128,"[256, 128]",0.2,30,sgd,0.5957534761367906,0.5882146615222729,0.5870594423987375,30,730278
86,0.0005,32,"[256, 128]",0.2,20,adam,0.5823374671176249,0.5850578744300245,0.5814483605120112,20,730278
87,0.001,64,"[512, 256, 128]",0.1,20,adam,0.6197670048853814,0.5840056120659418,0.5917937927406628,20,1554086
88,0.0001,32,"[256, 128]",0.1,15,adam,0.5278842540398346,0.5813749561557349,0.5704015430475189,15,730278
89,0.0005,128,"[1024, 512, 256, 128]",0.1,30,adam,0.6499436302142052,0.5811995790950544,0.5768893564790462,30,3463846
90,0.005,128,"[256, 128]",0.1,30,adam,0.5938744832769636,0.580673447913013,0.5796948974224092,30,730278
91,0.001,32,"[256, 128]",0.2,20,adam,0.5672303645246148,0.580673447913013,0.5798702437313694,18,730278
92,0.005,32,"[512, 256, 128]",0.1,15,sgd,0.576174370537392,0.580322693791652,0.587585481325618,15,1554086
93,0.0001,128,"[512, 256, 128]",0.1,30,adam,0.5694475760992108,0.5790950543668888,0.5751358933894442,30,1554086
94,0.005,64,"[512, 256, 128]",0.2,30,sgd,0.5687711386696731,0.57576289021396,0.5646151148518324,30,1554086
95,0.0001,32,"[512, 256, 128]",0.1,15,adam,0.5488162344983089,0.5755875131532796,0.5639137296159916,15,1554086
96,0.001,32,"[1024, 512, 256, 128]",0.1,20,adam,0.5333709131905299,0.573132234303753,0.5661932316324741,20,3463846
97,0.0001,32,"[256, 128]",0.2,20,adam,0.4940248027057497,0.5726061031217117,0.5621602665263896,20,730278
98,0.0001,128,"[512, 256, 128]",0.2,30,adam,0.5435926343479894,0.571203086636268,0.5667192705593547,30,1554086
99,0.0001,128,"[256, 128]",0.1,30,adam,0.5343855693348365,0.5708523325149071,0.569700157811678,30,730278
100,0.005,32,"[256, 128]",0.2,30,sgd,0.5738068395340098,0.5699754472115047,0.5598807645099071,30,730278
101,0.0005,64,"[256, 128]",0.2,15,adam,0.5375422773393461,0.5682216766047001,0.5600561108188673,15,730278
102,0.0001,32,"[512, 256, 128]",0.3,20,adam,0.5144306651634724,0.5682216766047001,0.5577766088023847,20,1554086
103,0.001,32,"[256, 128]",0.3,30,sgd,0.537880496054115,0.5680462995440196,0.5611081886726285,30,730278
104,0.0001,32,"[512, 256, 128]",0.1,20,adam,0.5845922585494175,0.5680462995440196,0.5612835349815887,20,1554086
105,0.005,64,"[256, 128]",0.2,30,sgd,0.5741074783915822,0.5659417748158541,0.5593547255830265,22,730278
106,0.001,32,"[256, 128]",0.2,30,sgd,0.5784291619691845,0.56436338126973,0.5581273014203051,30,730278
107,0.0005,128,"[256, 128]",0.1,15,adam,0.5656144306651635,0.5627849877236057,0.5595300718919867,15,730278
108,0.0005,128,"[1024, 512, 256, 128]",0.2,30,adam,0.5518602029312288,0.5624342336022449,0.5637383833070314,30,3463846
109,0.005,32,"[256, 128]",0.2,15,sgd,0.5172491544532131,0.561732725359523,0.5533929510783798,15,730278
110,0.001,64,"[256, 128]",0.2,15,adam,0.5454716272078166,0.561732725359523,0.5549710678590216,15,730278
111,0.0001,64,"[512, 256, 128]",0.3,30,adam,0.5280345734686208,0.5608558400561207,0.550061371208136,30,1554086
112,0.005,64,"[256, 128]",0.2,15,sgd,0.5376174370537392,0.5601543318133988,0.551814834297738,15,730278
113,0.005,128,"[256, 128]",0.2,20,sgd,0.5049605411499436,0.5585759382672746,0.554445028932141,20,730278
114,0.005,64,"[256, 128]",0.3,20,sgd,0.4888763622698234,0.5582251841459137,0.5609328423636682,20,730278
115,0.005,32,"[512, 256, 128]",0.2,20,sgd,0.510184141300263,0.5576990529638723,0.5444502893214098,20,1554086
116,0.001,32,"[512, 256, 128]",0.1,15,adam,0.5565201052236002,0.55682216766047,0.5521655269156585,15,1554086
117,0.001,128,"[256, 128]",0.2,20,adam,0.550695227358136,0.5566467905997895,0.5570752235665439,20,730278
118,0.0001,32,"[256, 128]",0.2,15,adam,0.48136039083051485,0.5555945282357068,0.5486586007364544,15,730278
119,0.0001,128,"[256, 128]",0.2,30,adam,0.4907553551296505,0.554542265871624,0.5433982114676486,30,730278
120,0.0005,64,"[1024, 512, 256, 128]",0.2,30,adam,0.5419015407741451,0.5536653805682217,0.5537436436963002,30,3463846
121,0.0005,128,"[256, 128]",0.3,20,adam,0.5045471627207817,0.5533146264468608,0.550061371208136,20,730278
122,0.005,128,"[512, 256, 128]",0.1,30,sgd,0.5606538895152199,0.5519116099614171,0.5474311765737331,30,1554086
123,0.005,32,"[1024, 512, 256, 128]",0.1,20,sgd,0.5716272078166102,0.5501578393546124,0.5551464141679817,20,3463846
124,0.001,128,"[256, 128]",0.2,15,adam,0.5127771514468245,0.5485794458084883,0.5426968262318078,15,730278
125,0.005,64,"[256, 128]",0.2,20,sgd,0.5830139045471627,0.5447211504735181,0.5423461336138874,20,730278
126,0.001,32,"[256, 128]",0.1,20,sgd,0.5437805336339722,0.5445457734128376,0.5398912852884447,20,730278
127,0.001,128,"[1024, 512, 256, 128]",0.1,20,adam,0.5307027433295753,0.5403367239565064,0.5372610906540417,20,3463846
128,0.005,128,"[256, 128]",0.3,30,sgd,0.5433671552048103,0.5399859698351456,0.5328774329300369,30,730278
129,0.0001,64,"[256, 128]",0.2,20,adam,0.46050357008643367,0.5343739038933707,0.5335788181658776,20,730278
130,0.001,128,"[256, 128]",0.3,30,adam,0.4939120631341601,0.5315678709224834,0.5398912852884447,30,730278
131,0.0001,64,"[256, 128]",0.1,20,adam,0.4679443818113491,0.5292879691336373,0.5209538839207435,20,730278
132,0.005,32,"[256, 128]",0.1,15,sgd,0.6143179255918827,0.5291125920729569,0.5300718919866737,15,730278
133,0.0001,64,"[256, 128]",0.3,30,adam,0.46820744081172494,0.5247281655559453,0.5149921094160967,30,730278
134,0.005,128,"[256, 128]",0.2,30,adam,0.5039083051484404,0.5245527884952648,0.5216552691565842,30,730278
135,0.0001,32,"[512, 256, 128]",0.3,30,adam,0.5134160090191657,0.5233251490705015,0.516044187269858,30,1554086
136,0.0005,32,"[256, 128]",0.2,15,adam,0.522923712889891,0.5229743949491407,0.5195511134490619,15,730278
137,0.0001,32,"[1024, 512, 256, 128]",0.1,20,adam,0.526456219466366,0.5226236408277797,0.5209538839207435,20,3463846
138,0.0001,64,"[1024, 512, 256, 128]",0.2,30,adam,0.5360390830514844,0.5226236408277797,0.5116605295458531,30,3463846
139,0.0001,32,"[256, 128]",0.3,30,adam,0.49597895527996994,0.5219221325850579,0.5188497282132211,30,730278
140,0.0005,128,"[512, 256, 128]",0.2,20,adam,0.5113115370161594,0.5205191160996142,0.5181483429773803,20,1554086
141,0.001,64,"[1024, 512, 256, 128]",0.1,20,adam,0.49684329199549043,0.5178884601894073,0.5165702261967385,20,3463846
142,0.0001,128,"[1024, 512, 256, 128]",0.1,30,adam,0.5240886884629838,0.5168361978253244,0.5081536033666492,30,3463846
143,0.0001,32,"[512, 256, 128]",0.2,20,adam,0.5016535137166479,0.516310066643283,0.5162195335788181,20,1554086
144,0.005,32,"[512, 256, 128]",0.2,30,sgd,0.6087185268695979,0.5159593125219222,0.5218306154655444,30,1554086
145,0.005,128,"[256, 128]",0.1,20,sgd,0.5544532130777903,0.5157839354612417,0.5088549886024899,20,730278
146,0.001,128,"[256, 128]",0.3,20,adam,0.44919203307027433,0.5152578042792003,0.5134139926354551,20,730278
147,0.0005,64,"[512, 256, 128]",0.2,15,adam,0.4823750469748215,0.5126271483689934,0.5039452919516044,15,1554086
148,0.001,128,"[256, 128]",0.3,15,adam,0.4496054114994363,0.5112241318835496,0.5065754865860074,15,730278
149,0.001,64,"[256, 128]",0.3,30,adam,0.46429913566328446,0.5092949842160646,0.5162195335788181,30,730278
150,0.001,32,"[256, 128]",0.2,20,sgd,0.4658023299511462,0.5082427218519817,0.496405400666316,20,730278
151,0.001,32,"[256, 128]",0.1,15,sgd,0.4625704622322435,0.5075412136092599,0.4925477818691917,15,730278
152,0.0001,128,"[256, 128]",0.1,20,adam,0.4491544532130778,0.5070150824272185,0.5044713308784851,20,730278
153,0.0005,32,"[256, 128]",0.1,30,sgd,0.48004509582863586,0.5063135741844966,0.496405400666316,30,730278
154,0.0005,128,"[256, 128]",0.3,15,adam,0.44911687335588124,0.5043844265170115,0.48676135367350515,15,730278
155,0.005,128,"[256, 128]",0.1,15,sgd,0.488087185268696,0.5035075412136093,0.4897422409258285,15,730278
156,0.0005,64,"[256, 128]",0.3,20,adam,0.4508831266441187,0.5031567870922483,0.49307382079607226,20,730278
157,0.0005,32,"[1024, 512, 256, 128]",0.1,15,adam,0.4958662157083803,0.5029814100315678,0.4986849026827985,15,3463846
158,0.005,32,"[256, 128]",0.3,20,sgd,0.3927846674182638,0.502630655910207,0.4939505523408732,20,730278
159,0.001,32,"[256, 128]",0.2,15,adam,0.49098083427282974,0.5024552788495265,0.5021918288620024,15,730278
160,0.001,64,"[1024, 512, 256, 128]",0.1,15,adam,0.47504697482149566,0.5012276394247632,0.4911450113975101,15,3463846
161,0.0001,32,"[1024, 512, 256, 128]",0.3,30,adam,0.5133408493047726,0.5012276394247632,0.4985095563738383,30,3463846
162,0.001,32,"[256, 128]",0.3,30,adam,0.4851183765501691,0.5,0.5037699456426442,25,730278
163,0.0001,128,"[256, 128]",0.3,30,adam,0.4399098083427283,0.49982462293931956,0.4993862879186393,30,730278
164,0.001,128,"[512, 256, 128]",0.1,15,adam,0.5083427282976325,0.4991231146965977,0.49237243556023147,15,1554086
165,0.0001,64,"[1024, 512, 256, 128]",0.2,20,adam,0.47737692596768133,0.4971939670291126,0.486586007364545,20,3463846
166,0.0001,128,"[256, 128]",0.2,20,adam,0.4162344983089064,0.49508944230094704,0.48904085568998773,20,730278
167,0.0001,64,"[256, 128]",0.1,15,adam,0.42671927846674185,0.4949140652402666,0.49272312817815184,15,730278
168,0.0005,128,"[1024, 512, 256, 128]",0.1,15,adam,0.5028560691469373,0.49456331111890567,0.49272312817815184,15,3463846
169,0.005,64,"[512, 256, 128]",0.1,20,sgd,0.5918451709883502,0.4935110487548229,0.4918463966333509,20,1554086
170,0.005,64,"[256, 128]",0.1,20,adam,0.4939120631341601,0.4915819010873378,0.4962300543573558,20,730278
171,0.0005,64,"[1024, 512, 256, 128]",0.1,15,adam,0.5021420518602029,0.4914065240266573,0.4950026301946344,15,3463846
172,0.0001,32,"[1024, 512, 256, 128]",0.1,15,adam,0.4923712889891018,0.4914065240266573,0.4851832368928634,15,3463846
173,0.001,64,"[256, 128]",0.1,30,sgd,0.48571965426531377,0.49123114696597686,0.47957215500613715,30,730278
174,0.0001,64,"[1024, 512, 256, 128]",0.3,30,adam,0.5013904547162721,0.49123114696597686,0.4843065053480624,30,3463846
175,0.0001,32,"[1024, 512, 256, 128]",0.2,20,adam,0.4948891394212702,0.49105576990529637,0.48851481676310715,20,3463846
176,0.005,64,"[256, 128]",0.3,15,sgd,0.4388575723412251,0.490529638723255,0.4744871120462914,15,730278
177,0.001,64,"[256, 128]",0.3,20,adam,0.44682450206689217,0.490529638723255,0.4818516570226197,20,730278
178,0.0001,64,"[256, 128]",0.3,20,adam,0.41300263059000375,0.4896527534198527,0.48676135367350515,20,730278
179,0.005,64,"[512, 256, 128]",0.2,20,sgd,0.46407365652010524,0.48877586811645035,0.4888655093810275,20,1554086
180,0.005,64,"[512, 256, 128]",0.1,15,sgd,0.46516347237880495,0.4871974745703262,0.49359985972295284,15,1554086
181,0.005,64,"[256, 128]",0.1,15,adam,0.44393085306275837,0.48596983514556297,0.4800981939330177,15,730278
182,0.0005,128,"[1024, 512, 256, 128]",0.2,20,adam,0.48417888012025556,0.48509294984216067,0.47957215500613715,20,3463846
183,0.0001,128,"[512, 256, 128]",0.1,20,adam,0.4486283352123262,0.4849175727814802,0.47431176573733125,20,1554086
184,0.005,128,"[512, 256, 128]",0.1,15,adam,0.44381811349116873,0.48456681866011925,0.484832544274943,15,1554086
185,0.0001,128,"[1024, 512, 256, 128]",0.1,20,adam,0.47301766253288235,0.4838653104173974,0.47290899526564967,20,3463846
186,0.005,128,"[256, 128]",0.3,20,sgd,0.42950018789928596,0.483339179235356,0.4706294932491671,20,730278
187,0.005,32,"[512, 256, 128]",0.2,15,sgd,0.43953400977076285,0.48263767099263416,0.4804488865509381,15,1554086
188,0.0005,64,"[1024, 512, 256, 128]",0.2,20,adam,0.45325065764750094,0.4824622939319537,0.48097492547781867,20,3463846
189,0.0001,128,"[1024, 512, 256, 128]",0.3,30,adam,0.4701991732431417,0.48141003156787093,0.4699281080133263,30,3463846
190,0.0001,32,"[1024, 512, 256, 128]",0.3,20,adam,0.4552423900789177,0.4801823921431077,0.46799929861476414,20,3463846
191,0.001,64,"[512, 256, 128]",0.2,15,adam,0.4417888012025554,0.4796562609610663,0.4723829563387691,15,1554086
192,0.0001,64,"[256, 128]",0.2,15,adam,0.4014280345734686,0.47948088390038585,0.4694020690864457,15,730278
193,0.0001,64,"[512, 256, 128]",0.2,20,adam,0.4519729425028185,0.47930550683970535,0.46834999123268456,20,1554086
194,0.0001,128,"[1024, 512, 256, 128]",0.2,30,adam,0.4653513716647877,0.4786039985969835,0.4658951429072418,24,3463846
195,0.0001,64,"[1024, 512, 256, 128]",0.1,20,adam,0.4959413754227734,0.4777271132935812,0.47361038050149046,20,3463846
196,0.005,128,"[1024, 512, 256, 128]",0.2,30,sgd,0.4615558060879369,0.47720098211153983,0.4765912677538138,30,3463846
197,0.0001,128,"[256, 128]",0.1,15,adam,0.39609169485155954,0.47597334268677655,0.4653691039803612,15,730278
198,0.005,32,"[1024, 512, 256, 128]",0.1,15,sgd,0.4866967305524239,0.4757979656260961,0.4709801858670875,15,3463846
199,0.0001,128,"[1024, 512, 256, 128]",0.3,20,adam,0.4297632468996618,0.4733426867765696,0.4595826757846747,20,3463846
200,0.001,128,"[1024, 512, 256, 128]",0.1,15,adam,0.48632093198045845,0.4729919326552087,0.4716815711029283,15,3463846
201,0.0001,64,"[1024, 512, 256, 128]",0.1,15,adam,0.4627207816610297,0.4724658014731673,0.4665965281430826,15,3463846
202,0.0001,128,"[1024, 512, 256, 128]",0.1,15,adam,0.43502442690717774,0.47193967029112593,0.4632649482728389,15,3463846
203,0.0001,32,"[512, 256, 128]",0.2,15,adam,0.4490792934986847,0.47176429323044544,0.4616868314921971,15,1554086
204,0.0005,32,"[512, 256, 128]",0.2,15,adam,0.4621946636602781,0.4707120308663627,0.4588812905488339,15,1554086
205,0.0005,128,"[512, 256, 128]",0.3,20,adam,0.43423524990605034,0.4707120308663627,0.4564264422233912,17,1554086
206,0.001,128,"[1024, 512, 256, 128]",0.2,30,adam,0.46681698609545286,0.47001052262364085,0.46308960196387866,26,3463846
207,0.0001,64,"[1024, 512, 256, 128]",0.2,15,adam,0.4412251033446073,0.4696597685022799,0.4616868314921971,15,3463846
208,0.0001,64,"[1024, 512, 256, 128]",0.3,20,adam,0.4463359639233371,0.4694843914415994,0.46308960196387866,20,3463846
209,0.0005,128,"[512, 256, 128]",0.3,15,adam,0.4230740323186772,0.4691336373202385,0.45099070664562513,15,1554086
210,0.0001,32,"[512, 256, 128]",0.3,15,adam,0.4189402480270575,0.4691336373202385,0.45467297913378923,15,1554086
211,0.005,64,"[1024, 512, 256, 128]",0.2,20,sgd,0.4445697106350996,0.46878288319887756,0.45905663685779413,20,3463846
212,0.0005,64,"[1024, 512, 256, 128]",0.2,15,adam,0.442728297632469,0.4682567520168362,0.4604594073294757,15,3463846
213,0.001,32,"[512, 256, 128]",0.2,30,sgd,0.47192784667418264,0.46755524377411434,0.4560757496054708,30,1554086
214,0.0001,32,"[256, 128]",0.3,20,adam,0.4109357384441939,0.46755524377411434,0.46081009994739613,20,730278
215,0.005,64,"[1024, 512, 256, 128]",0.2,30,sgd,0.46922209695603156,0.4672044896527534,0.4513413992635455,25,3463846
216,0.0001,128,"[1024, 512, 256, 128]",0.2,20,adam,0.446674182638106,0.46702911259207297,0.45432228651586887,20,3463846
217,0.005,32,"[256, 128]",0.3,15,sgd,0.3948139797068771,0.4668537355313925,0.45537436436963,15,730278
218,0.0001,64,"[512, 256, 128]",0.1,15,adam,0.4503945885005637,0.4668537355313925,0.46677187445204277,15,1554086
219,0.0005,128,"[512, 256, 128]",0.3,30,adam,0.4535888763622698,0.46667835847071204,0.4602840610205155,20,1554086
220,0.005,128,"[512, 256, 128]",0.1,20,sgd,0.45723412251033446,0.4663276043493511,0.44906189724706297,20,1554086
221,0.0005,128,"[1024, 512, 256, 128]",0.1,20,adam,0.4930477264186396,0.46562609610662925,0.46151148518323687,16,3463846
222,0.0001,32,"[256, 128]",0.3,15,adam,0.39992484028560693,0.4650999649245879,0.45309486235314744,15,730278
223,0.0001,64,"[512, 256, 128]",0.2,15,adam,0.4286358511837655,0.4650999649245879,0.45344555497106787,15,1554086
224,0.001,64,"[256, 128]",0.2,30,sgd,0.43536264562194665,0.46474921080322695,0.4604594073294757,30,730278
225,0.0005,32,"[512, 256, 128]",0.2,20,adam,0.4442314919203307,0.46474921080322695,0.4613361388742767,14,1554086
226,0.0005,64,"[256, 128]",0.3,15,adam,0.4188650883126644,0.46457383374254646,0.4597580220936349,15,730278
227,0.0001,128,"[512, 256, 128]",0.1,15,adam,0.42157083803081546,0.46422307962118553,0.456251095914431,15,1554086
228,0.0005,128,"[1024, 512, 256, 128]",0.2,15,adam,0.4481773769259677,0.4638723254998246,0.45484832544274945,15,3463846
229,0.0005,32,"[256, 128]",0.3,15,adam,0.4101465614430665,0.46334619431778323,0.4597580220936349,15,730278
230,0.0001,32,"[1024, 512, 256, 128]",0.2,15,adam,0.4624953025178504,0.4631708172571028,0.456251095914431,15,3463846
231,0.005,128,"[512, 256, 128]",0.2,20,sgd,0.43284479518977825,0.46246930901438094,0.4574785200771524,20,1554086
232,0.005,32,"[256, 128]",0.3,30,sgd,0.4311161217587373,0.46211855489302,0.4650184113624408,30,730278
233,0.0001,64,"[512, 256, 128]",0.3,20,adam,0.42003006388575725,0.4615924237109786,0.4551990180606698,20,1554086
234,0.0005,32,"[256, 128]",0.2,30,sgd,0.4287110108981586,0.46054016134689585,0.4492372435560231,30,730278
235,0.0005,64,"[512, 256, 128]",0.3,30,adam,0.4455843667794062,0.4601894072255349,0.458004559004033,28,1554086
236,0.0001,128,"[256, 128]",0.3,20,adam,0.3829011649755731,0.4601894072255349,0.45028932140978434,20,730278
237,0.0005,64,"[512, 256, 128]",0.3,15,adam,0.4254791431792559,0.45913714486145213,0.458004559004033,15,1554086
238,0.0001,128,"[512, 256, 128]",0.2,20,adam,0.4248778654641112,0.45913714486145213,0.4408206207259337,20,1554086
239,0.005,128,"[1024, 512, 256, 128]",0.1,30,sgd,0.495152198421646,0.45896176780077164,0.47343503419253025,30,3463846
240,0.0005,32,"[256, 128]",0.3,30,adam,0.43949642991356636,0.4586110136794107,0.44643170261266,30,730278
241,0.001,32,"[1024, 512, 256, 128]",0.1,20,sgd,0.43416009019165724,0.4573833742546475,0.4460810099947396,20,3463846
242,0.0001,64,"[512, 256, 128]",0.3,15,adam,0.39984968057121384,0.45720799719396704,0.4478344730843416,15,1554086
243,0.001,64,"[256, 128]",0.3,15,adam,0.4135663284479519,0.4565064889512452,0.4520427844993863,15,730278
244,0.005,128,"[256, 128]",0.2,15,sgd,0.43107854190154077,0.4558049807085233,0.44871120462914255,15,730278
245,0.0001,128,"[512, 256, 128]",0.3,30,adam,0.44968057121382937,0.4558049807085233,0.4492372435560231,30,1554086
246,0.001,64,"[256, 128]",0.3,30,sgd,0.4072904922961293,0.4554542265871624,0.44204804488865507,30,730278
247,0.001,32,"[512, 256, 128]",0.1,20,sgd,0.4447200300638858,0.45527884952648195,0.45414694020690866,20,1554086
248,0.0005,128,"[1024, 512, 256, 128]",0.3,30,adam,0.42205937617437056,0.45527884952648195,0.4511660529545853,23,3463846
249,0.001,32,"[512, 256, 128]",0.1,30,sgd,0.5067643742953777,0.454928095405121,0.457127827459232,30,1554086
250,0.001,32,"[512, 256, 128]",0.3,30,sgd,0.44163848177376924,0.454928095405121,0.4625635630369981,30,1554086
251,0.005,64,"[512, 256, 128]",0.2,15,sgd,0.4220969560315671,0.45475271834444053,0.4527441697352271,15,1554086
252,0.0001,64,"[1024, 512, 256, 128]",0.3,15,adam,0.4174746335963923,0.4535250789196773,0.4506400140277047,15,3463846
253,0.001,64,"[512, 256, 128]",0.1,30,sgd,0.43675310033821874,0.45299894773763594,0.44274943012449586,30,1554086
254,0.001,128,"[1024, 512, 256, 128]",0.2,15,adam,0.42540398346486286,0.45299894773763594,0.4536209012800281,15,3463846
255,0.005,64,"[1024, 512, 256, 128]",0.3,30,sgd,0.40725291243893275,0.4524728165555945,0.44432754690513765,30,3463846
256,0.0001,128,"[512, 256, 128]",0.3,20,adam,0.4097707628711011,0.4515959312521922,0.4504646677187445,20,1554086
257,0.0005,32,"[256, 128]",0.3,20,adam,0.42273581360390833,0.45089442300947036,0.44730843415746097,20,730278
258,0.001,128,"[512, 256, 128]",0.2,15,adam,0.4423900789177001,0.45001753770606806,0.44362616166929686,15,1554086
259,0.001,32,"[1024, 512, 256, 128]",0.3,30,sgd,0.4181510710259301,0.44949140652402664,0.4415220059617745,30,3463846
260,0.0005,32,"[1024, 512, 256, 128]",0.2,30,adam,0.4473881999248403,0.44949140652402664,0.4431001227424163,18,3463846
261,0.001,32,"[1024, 512, 256, 128]",0.2,30,sgd,0.45231116121758735,0.4493160294633462,0.43398211467648606,30,3463846
262,0.005,128,"[512, 256, 128]",0.3,20,sgd,0.4024802705749718,0.4470361276745002,0.43994388918113275,20,1554086
263,0.0001,128,"[512, 256, 128]",0.3,15,adam,0.3738819992484029,0.44668537355313925,0.43819042609153075,15,1554086
264,0.005,128,"[512, 256, 128]",0.3,30,sgd,0.4267568583239384,0.44580848824973696,0.44345081536033665,30,1554086
265,0.0001,128,"[256, 128]",0.2,15,adam,0.36452461480646375,0.44580848824973696,0.43433280729440643,15,730278
266,0.005,32,"[1024, 512, 256, 128]",0.2,15,sgd,0.4223975948891394,0.44475622588565417,0.4432754690513765,15,3463846
267,0.001,64,"[512, 256, 128]",0.2,20,adam,0.4500187899285983,0.4437039635215714,0.4460810099947396,20,1554086
268,0.0001,128,"[512, 256, 128]",0.2,15,adam,0.4006012777151447,0.44352858646089094,0.43994388918113275,15,1554086
269,0.0005,32,"[512, 256, 128]",0.3,30,sgd,0.3886884629838407,0.4426517011574886,0.4253901455374364,30,1554086
270,0.005,128,"[512, 256, 128]",0.2,30,sgd,0.425967681322811,0.44230094703612766,0.43959319656321233,21,1554086
271,0.0001,32,"[1024, 512, 256, 128]",0.3,15,adam,0.4185644494550921,0.44230094703612766,0.445554971067859,15,3463846
272,0.005,64,"[1024, 512, 256, 128]",0.1,15,sgd,0.4496429913566328,0.4421255699754472,0.4334560757496055,15,3463846
273,0.005,64,"[1024, 512, 256, 128]",0.1,30,sgd,0.5208944006012777,0.4419501929147667,0.4329300368227249,23,3463846
274,0.005,128,"[256, 128]",0.3,15,sgd,0.39387448327696356,0.4419501929147667,0.4322286515868841,15,730278
275,0.005,128,"[512, 256, 128]",0.1,20,adam,0.4214580984592258,0.4415994387934058,0.43450815360336664,18,1554086
276,0.0005,32,"[512, 256, 128]",0.1,30,sgd,0.43923337091319054,0.4412486846720449,0.4371383482377696,30,1554086
277,0.0005,32,"[512, 256, 128]",0.2,30,sgd,0.41371664787673806,0.4412486846720449,0.43100122742416275,30,1554086
278,0.0001,64,"[256, 128]",0.3,15,adam,0.3556933483652762,0.4412486846720449,0.42924776433456074,15,730278
279,0.001,64,"[1024, 512, 256, 128]",0.1,30,sgd,0.4213829387448328,0.4407225534900035,0.42959845695248117,30,3463846
280,0.001,32,"[1024, 512, 256, 128]",0.1,30,sgd,0.46444945509207064,0.4396702911259207,0.42030510257759074,26,3463846
281,0.0001,128,"[1024, 512, 256, 128]",0.3,15,adam,0.39229612927470875,0.43949491406524027,0.43012449587936175,15,3463846
282,0.0005,32,"[256, 128]",0.1,20,sgd,0.4022923712889891,0.43914415994387934,0.42416272137471506,20,730278
283,0.0005,32,"[256, 128]",0.3,30,sgd,0.41025930101465613,0.4387934058225184,0.4269682623180782,30,730278
284,0.0005,128,"[1024, 512, 256, 128]",0.3,15,adam,0.4020293122886133,0.4375657663977552,0.42433806768367527,15,3463846
285,0.0005,32,"[512, 256, 128]",0.3,30,adam,0.40101465614430665,0.4373903893370747,0.42924776433456074,17,1554086
286,0.005,64,"[256, 128]",0.1,30,adam,0.42337467117624955,0.43721501227639425,0.42398737506575485,18,730278
287,0.001,32,"[256, 128]",0.3,20,sgd,0.4111236377301766,0.43703963521571376,0.4231106435209539,20,730278
288,0.0005,32,"[1024, 512, 256, 128]",0.1,30,sgd,0.4196542653137918,0.4368642581550333,0.4281956864807996,30,3463846
289,0.0005,64,"[512, 256, 128]",0.3,20,adam,0.4237128898910184,0.4368642581550333,0.43310538313168506,20,1554086
290,0.005,128,"[512, 256, 128]",0.3,15,sgd,0.37061255167230367,0.4356366187302701,0.4174995616342276,15,1554086
291,0.001,64,"[256, 128]",0.1,20,sgd,0.40856820744081174,0.4354612416695896,0.4266175697001578,20,730278
292,0.005,64,"[1024, 512, 256, 128]",0.3,20,sgd,0.39143179255918825,0.43528586460890917,0.43485884622128707,20,3463846
293,0.001,32,"[512, 256, 128]",0.2,20,sgd,0.4220969560315671,0.43528586460890917,0.4253901455374364,20,1554086
294,0.001,32,"[1024, 512, 256, 128]",0.1,15,sgd,0.3910935738444194,0.433707471062785,0.42100648781343153,15,3463846
295,0.005,32,"[1024, 512, 256, 128]",0.3,30,sgd,0.3792559188275085,0.4331813398807436,0.4334560757496055,27,3463846
296,0.001,32,"[512, 256, 128]",0.3,20,sgd,0.3904171364148816,0.4331813398807436,0.42416272137471506,20,1554086
297,0.001,128,"[1024, 512, 256, 128]",0.2,20,adam,0.41488162344983087,0.43283058575938266,0.4311765737331229,16,3463846
298,0.001,64,"[512, 256, 128]",0.2,30,sgd,0.415445321307779,0.4326552086987022,0.4252147992284762,30,1554086
299,0.005,32,"[1024, 512, 256, 128]",0.2,20,sgd,0.4382562946260804,0.43090143809189757,0.417850254252148,15,3463846
300,0.0005,64,"[1024, 512, 256, 128]",0.3,20,adam,0.39184517098835026,0.42949842160645385,0.4253901455374364,14,3463846
301,0.001,64,"[256, 128]",0.2,20,sgd,0.3842164599774521,0.42879691336373205,0.4110117482027003,20,730278
302,0.001,64,"[512, 256, 128]",0.3,30,sgd,0.38756106726794437,0.4273938968782883,0.4146940206908645,30,1554086
303,0.001,32,"[512, 256, 128]",0.2,30,adam,0.4866215708380308,0.42721851981760783,0.4280203401718394,19,1554086
304,0.005,128,"[512, 256, 128]",0.1,15,sgd,0.42251033446072905,0.4270431427569274,0.4217078730492723,15,1554086
305,0.001,128,"[512, 256, 128]",0.2,20,adam,0.4309282224727546,0.4268677656962469,0.40995967034893915,12,1554086
306,0.0005,32,"[512, 256, 128]",0.3,15,adam,0.3987974445697106,0.4268677656962469,0.408030860950377,15,1554086
307,0.0005,32,"[512, 256, 128]",0.3,20,adam,0.39004133784291617,0.42669238863556647,0.4245134139926355,13,1554086
308,0.001,32,"[256, 128]",0.2,15,sgd,0.4080796692972567,0.4251139950894423,0.41662283008942663,15,730278
309,0.0005,32,"[512, 256, 128]",0.1,20,sgd,0.3946260804208944,0.42441248684672045,0.41048570927581973,20,1554086
310,0.001,64,"[512, 256, 128]",0.1,20,sgd,0.38910184141300264,0.4240617327253595,0.4111870945116605,20,1554086
311,0.005,128,"[1024, 512, 256, 128]",0.2,20,sgd,0.40770387072529124,0.42353560154331815,0.41066105558477994,20,3463846
312,0.001,128,"[512, 256, 128]",0.1,30,sgd,0.37271702367531,0.42300947036127673,0.4173242153252674,30,1554086
313,0.005,128,"[1024, 512, 256, 128]",0.3,30,sgd,0.40920706501315296,0.42213258505787443,0.41294055760126247,30,3463846
314,0.0005,32,"[1024, 512, 256, 128]",0.2,15,adam,0.436565201052236,0.42125569975447213,0.41434332807294405,15,3463846
315,0.005,128,"[1024, 512, 256, 128]",0.3,20,sgd,0.3630590003757986,0.42108032269379164,0.40540066631597405,20,3463846
316,0.0005,32,"[256, 128]",0.3,20,sgd,0.35073280721533256,0.4195019291476675,0.40469928108013326,20,730278
317,0.001,64,"[256, 128]",0.3,20,sgd,0.36482525366403606,0.41932655208698705,0.40610205155181484,20,730278
318,0.001,128,"[512, 256, 128]",0.3,20,adam,0.39943630214205184,0.41932655208698705,0.4078555146414168,20,1554086
319,0.0001,128,"[1024, 512, 256, 128]",0.2,15,adam,0.41604659902292374,0.41932655208698705,0.4227599509030335,15,3463846
320,0.0005,128,"[1024, 512, 256, 128]",0.3,20,adam,0.41619691845170986,0.4188004209049456,0.4064527441697352,20,3463846
321,0.001,32,"[512, 256, 128]",0.2,15,sgd,0.38632093198045847,0.4186250438442652,0.41066105558477994,15,1554086
322,0.001,128,"[512, 256, 128]",0.3,30,adam,0.3903795565576851,0.4184496667835847,0.41136244082062073,18,1554086
323,0.001,64,"[512, 256, 128]",0.1,15,adam,0.533446072904923,0.41827428972290426,0.40995967034893915,15,1554086
324,0.005,128,"[1024, 512, 256, 128]",0.1,20,sgd,0.43487410747839156,0.41774815854086284,0.41153778712958095,20,3463846
325,0.001,128,"[512, 256, 128]",0.3,15,adam,0.3802705749718151,0.41774815854086284,0.40540066631597405,15,1554086
326,0.0005,64,"[1024, 512, 256, 128]",0.1,20,adam,0.48797444569710635,0.41722202735882147,0.4162721374715062,15,3463846
327,0.0005,64,"[256, 128]",0.2,30,sgd,0.36272078166102967,0.41722202735882147,0.4139926354550237,30,730278
328,0.001,128,"[256, 128]",0.1,30,sgd,0.3816610296880872,0.41704665029814103,0.4075048220234964,30,730278
329,0.001,64,"[256, 128]",0.3,15,sgd,0.33434798947764,0.41687127323746054,0.4025951253726109,15,730278
330,0.005,32,"[1024, 512, 256, 128]",0.3,15,sgd,0.36242014280345736,0.4165205191160996,0.4111870945116605,15,3463846
331,0.001,32,"[1024, 512, 256, 128]",0.1,15,adam,0.4308530627583615,0.4154682567520168,0.41066105558477994,15,3463846
332,0.0005,32,"[256, 128]",0.2,20,sgd,0.3859075535512965,0.4152928796913364,0.4085568998772576,20,730278
333,0.0005,64,"[256, 128]",0.3,30,sgd,0.3453213077790304,0.4152928796913364,0.40610205155181484,30,730278
334,0.005,64,"[1024, 512, 256, 128]",0.3,15,sgd,0.36606538895152196,0.4151175026306559,0.3992635455023672,15,3463846
335,0.0001,128,"[256, 128]",0.3,15,adam,0.3435174746335964,0.41494212556997545,0.4173242153252674,15,730278
336,0.005,64,"[512, 256, 128]",0.3,15,sgd,0.36591506952273584,0.4145913714486145,0.399088199193407,15,1554086
337,0.0005,32,"[1024, 512, 256, 128]",0.2,30,sgd,0.3815858699736941,0.41388986320589266,0.4066280904786954,30,3463846
338,0.001,32,"[256, 128]",0.3,15,sgd,0.38260052611800077,0.4133637320238513,0.4094336314220586,15,730278
339,0.0005,32,"[256, 128]",0.2,15,sgd,0.3607290492296129,0.41266222378112943,0.4146940206908645,15,730278
340,0.001,32,"[512, 256, 128]",0.2,15,adam,0.42728297632469,0.41248684672044894,0.40925828511309836,15,1554086
341,0.001,32,"[512, 256, 128]",0.2,20,adam,0.4153325817361894,0.41248684672044894,0.408030860950377,16,1554086
342,0.001,32,"[256, 128]",0.2,30,adam,0.5223600150319428,0.4119607155384076,0.4096089777310188,30,730278
343,0.0005,64,"[512, 256, 128]",0.1,30,sgd,0.36903419767004886,0.4114345843563662,0.4078555146414168,30,1554086
344,0.001,64,"[256, 128]",0.2,15,sgd,0.3522360015031943,0.4112592072956857,0.4020690864457303,15,730278
345,0.0005,64,"[256, 128]",0.1,30,sgd,0.3899285982713266,0.4112592072956857,0.4018937401367701,30,730278
346,0.005,128,"[1024, 512, 256, 128]",0.1,15,sgd,0.41228861330326944,0.4110838302350053,0.4068034367876556,15,3463846
347,0.001,64,"[256, 128]",0.1,15,sgd,0.37376925967681324,0.41055769905296385,0.39417850254252146,15,730278
348,0.0005,32,"[512, 256, 128]",0.2,20,sgd,0.3686208192408869,0.4103823219922834,0.41136244082062073,20,1554086
349,0.0005,64,"[512, 256, 128]",0.2,30,sgd,0.3390830514844044,0.40968081374956156,0.3969840434858846,30,1554086
350,0.001,32,"[1024, 512, 256, 128]",0.1,30,adam,0.39703119128147313,0.4095054366888811,0.4068034367876556,11,3463846
351,0.001,32,"[512, 256, 128]",0.1,15,sgd,0.4123637730176625,0.4093300596282006,0.407154129405576,15,1554086
352,0.001,128,"[256, 128]",0.2,30,sgd,0.3647876738068395,0.40687478077867417,0.3997895844292478,30,730278
353,0.005,32,"[512, 256, 128]",0.3,15,sgd,0.35080796692972566,0.4066994037179937,0.3947045414694021,15,1554086
354,0.001,32,"[256, 128]",0.3,20,adam,0.40710259301014656,0.4047702560505086,0.40697878309661584,16,730278
355,0.0005,64,"[256, 128]",0.1,20,sgd,0.3390078917700113,0.40406874780778673,0.3873399964930738,20,730278
356,0.005,64,"[1024, 512, 256, 128]",0.1,20,sgd,0.44663660278090944,0.40301648544370394,0.4013677012098895,15,3463846
357,0.001,64,"[512, 256, 128]",0.3,20,sgd,0.3397970687711387,0.4028411083830235,0.38663861125723303,20,1554086
358,0.001,128,"[512, 256, 128]",0.2,30,sgd,0.340511086057873,0.4024903542616626,0.40084166228300894,30,1554086
359,0.001,64,"[512, 256, 128]",0.3,20,adam,0.3725667042465239,0.4017888460189407,0.38979484481851656,14,1554086
360,0.001,32,"[1024, 512, 256, 128]",0.2,15,sgd,0.3589627959413754,0.4007365836548579,0.388392074346835,15,3463846
361,0.001,64,"[512, 256, 128]",0.2,20,sgd,0.3629838406614055,0.40003507541213607,0.388392074346835,20,1554086
362,0.001,64,"[512, 256, 128]",0.3,30,adam,0.3776024051108606,0.39915819010873377,0.39593196563212346,14,1554086
363,0.005,64,"[512, 256, 128]",0.3,20,sgd,0.3769259676813228,0.39898281304805333,0.39873750657548657,20,1554086
364,0.001,64,"[1024, 512, 256, 128]",0.2,30,sgd,0.3676813228109733,0.39880743598737284,0.3933017709977205,30,3463846
365,0.001,32,"[512, 256, 128]",0.3,15,sgd,0.3621946636602781,0.3986320589266924,0.39049623005435735,15,1554086
366,0.005,32,"[512, 256, 128]",0.3,20,sgd,0.32318677189026684,0.39705366538056824,0.39628265825004383,13,1554086
367,0.005,32,"[512, 256, 128]",0.3,30,sgd,0.32130777903043967,0.3963521571378464,0.3889181132737156,11,1554086
368,0.0005,32,"[512, 256, 128]",0.2,15,sgd,0.32987598647125144,0.39547527183444403,0.38751534280203404,15,1554086
369,0.005,128,"[1024, 512, 256, 128]",0.2,15,sgd,0.36576475009394965,0.3951245177130831,0.39067157636331756,15,3463846
370,0.001,64,"[512, 256, 128]",0.1,15,sgd,0.35140924464487033,0.3944230094703613,0.388392074346835,15,1554086
371,0.001,128,"[256, 128]",0.3,30,sgd,0.350206689214581,0.39354612416695894,0.3838330703138699,30,730278
372,0.0005,32,"[512, 256, 128]",0.1,15,sgd,0.3468620819240887,0.3924938618028762,0.37489040855689987,15,1554086
373,0.005,32,"[1024, 512, 256, 128]",0.3,20,sgd,0.36997369409996245,0.39161697649947386,0.37716991057338245,20,3463846
374,0.0005,32,"[256, 128]",0.1,15,sgd,0.37166478767380684,0.390915468256752,0.3880413817289146,15,730278
375,0.0005,32,"[1024, 512, 256, 128]",0.2,20,adam,0.3886133032694476,0.3900385829533497,0.3826056461511485,10,3463846
376,0.001,128,"[256, 128]",0.1,20,sgd,0.33942127019917323,0.38986320589266926,0.3775206031913028,20,730278
377,0.0005,32,"[1024, 512, 256, 128]",0.3,30,sgd,0.3525742202179632,0.3891616976499474,0.3847098018586709,30,3463846
378,0.001,32,"[1024, 512, 256, 128]",0.2,20,sgd,0.38989101841413004,0.38846018940722554,0.3798001052077854,20,3463846
379,0.001,32,"[1024, 512, 256, 128]",0.3,20,sgd,0.36576475009394965,0.38846018940722554,0.38506049447659124,20,3463846
380,0.005,128,"[512, 256, 128]",0.2,15,sgd,0.40022547914317924,0.38407576289021395,0.38506049447659124,15,1554086
381,0.005,128,"[1024, 512, 256, 128]",0.3,15,sgd,0.32172115745960167,0.38319887758681165,0.3819042609153077,15,3463846
382,0.0005,32,"[512, 256, 128]",0.3,20,sgd,0.33254415633220596,0.38302350052613116,0.3789233736629844,20,1554086
383,0.005,64,"[1024, 512, 256, 128]",0.2,15,sgd,0.40894400601277714,0.3816204840406875,0.38541118709451166,15,3463846
384,0.0005,64,"[256, 128]",0.3,20,sgd,0.2909056745584367,0.3795159593125219,0.3685779414343328,20,730278
385,0.0005,64,"[1024, 512, 256, 128]",0.3,15,adam,0.3844795189778279,0.3784636969484391,0.3699807119060144,13,3463846
386,0.0005,64,"[512, 256, 128]",0.3,30,sgd,0.30706501315295004,0.37600841809891267,0.3698053655970542,30,1554086
387,0.005,64,"[512, 256, 128]",0.3,30,sgd,0.40980834272829764,0.3740792704314276,0.3677012098895318,27,1554086
388,0.001,64,"[512, 256, 128]",0.3,15,adam,0.3658774896655393,0.3733777621887057,0.3634928984744871,13,1554086
389,0.005,128,"[256, 128]",0.3,15,adam,0.3079293498684705,0.37039635215713784,0.3682272488164124,15,730278
390,0.001,64,"[512, 256, 128]",0.2,15,sgd,0.3178880120255543,0.37039635215713784,0.35753112396984044,15,1554086
391,0.001,32,"[256, 128]",0.3,15,adam,0.3526869597895528,0.3681164503682918,0.3624408206207259,12,730278
392,0.001,64,"[1024, 512, 256, 128]",0.2,30,adam,0.3875986471251409,0.3681164503682918,0.3647203226372085,12,3463846
393,0.005,128,"[1024, 512, 256, 128]",0.1,30,adam,0.3778654641112364,0.3677656962469309,0.36752586358057165,16,3463846
394,0.001,128,"[512, 256, 128]",0.3,30,sgd,0.3012401352874859,0.36706418800420904,0.3596352796773628,30,1554086
395,0.001,128,"[256, 128]",0.2,20,sgd,0.3102217211574596,0.3668888109435286,0.36209012800280554,20,730278
396,0.0005,32,"[512, 256, 128]",0.3,15,sgd,0.28083427282976325,0.3596983514556296,0.3527967736279151,15,1554086
397,0.0005,64,"[256, 128]",0.2,20,sgd,0.3178880120255543,0.3561908102420203,0.3564790461160793,20,730278
398,0.001,64,"[1024, 512, 256, 128]",0.2,15,adam,0.3796692972566704,0.3539109084531743,0.34630896019638785,10,3463846
399,0.0005,32,"[256, 128]",0.3,15,sgd,0.32799699361142426,0.35338477727113293,0.34350341925302474,15,730278
400,0.001,64,"[512, 256, 128]",0.3,15,sgd,0.2964299135663285,0.353034023149772,0.35700508504295986,15,1554086
401,0.005,128,"[256, 128]",0.2,20,adam,0.41488162344983087,0.35145562960364785,0.3543748904085569,18,730278
402,0.001,128,"[256, 128]",0.3,20,sgd,0.28635851183765504,0.3511048754822869,0.34280203401718395,20,730278
403,0.005,64,"[512, 256, 128]",0.1,15,adam,0.37166478767380684,0.350754121360926,0.3556023145712783,9,1554086
404,0.001,128,"[256, 128]",0.1,15,sgd,0.2815858699736941,0.350754121360926,0.3415746098544626,15,730278
405,0.0005,128,"[256, 128]",0.2,30,sgd,0.2732055618188651,0.34829884251139953,0.34350341925302474,30,730278
406,0.005,64,"[256, 128]",0.2,20,adam,0.34904171364148817,0.3474219572079972,0.33280729440645274,16,730278
407,0.005,32,"[256, 128]",0.1,15,adam,0.3478391582111988,0.34724658014731674,0.34648430650534806,14,730278
408,0.0005,32,"[1024, 512, 256, 128]",0.1,20,sgd,0.3113115370161593,0.3467204489652753,0.3452568823426267,20,3463846
409,0.001,128,"[512, 256, 128]",0.1,20,sgd,0.2754979331078542,0.34514205541915116,0.3363142205856567,20,1554086
410,0.001,128,"[1024, 512, 256, 128]",0.3,20,adam,0.34911687335588126,0.34426517011574886,0.34332807294406453,14,3463846
411,0.001,32,"[1024, 512, 256, 128]",0.2,30,adam,0.3925967681322811,0.34338828481234657,0.34332807294406453,13,3463846
412,0.0005,64,"[1024, 512, 256, 128]",0.3,30,adam,0.36189402480270577,0.3423360224482638,0.3396458004559004,13,3463846
413,0.001,64,"[1024, 512, 256, 128]",0.2,20,adam,0.4078541901540774,0.3416345142055419,0.34245134139926353,20,3463846
414,0.005,128,"[512, 256, 128]",0.2,20,adam,0.3195791055993987,0.3414591371448615,0.33193056286165173,14,1554086
415,0.005,64,"[256, 128]",0.2,30,adam,0.33829387448327697,0.33970536653805683,0.3429773803261441,14,730278
416,0.0005,128,"[256, 128]",0.3,30,sgd,0.24584742577978203,0.3368993335671694,0.3252674031211643,30,730278
417,0.005,32,"[256, 128]",0.1,20,adam,0.3673055242390079,0.33339179235356015,0.33771699105733827,20,730278
418,0.001,128,"[1024, 512, 256, 128]",0.3,15,adam,0.35670800450958284,0.33339179235356015,0.3317552165526916,13,3463846
419,0.005,64,"[512, 256, 128]",0.1,30,adam,0.3733934611048478,0.33233952998947736,0.3243906715763633,21,1554086
420,0.0005,128,"[256, 128]",0.1,30,sgd,0.2963547538519354,0.33233952998947736,0.32316324741364194,30,730278
421,0.001,64,"[1024, 512, 256, 128]",0.1,20,sgd,0.3115370161593386,0.3319887758681164,0.3250920568122041,20,3463846
422,0.0005,32,"[1024, 512, 256, 128]",0.3,20,adam,0.36666666666666664,0.3290073658365486,0.32176047694196036,15,3463846
423,0.0005,64,"[256, 128]",0.1,15,sgd,0.2805336339721909,0.32813048053314625,0.3193056286165176,15,730278
424,0.001,128,"[256, 128]",0.2,15,sgd,0.2592258549417512,0.3279551034724658,0.32684551990180605,15,730278
425,0.005,128,"[512, 256, 128]",0.2,15,adam,0.3113866967305524,0.3276043493511049,0.320533052779239,11,1554086
426,0.001,128,"[1024, 512, 256, 128]",0.3,30,adam,0.38305148440435927,0.32637670992634166,0.33228125547957216,19,3463846
427,0.001,64,"[1024, 512, 256, 128]",0.2,20,sgd,0.2838782412626832,0.3251490705015784,0.3150973172014729,20,3463846
428,0.005,32,"[256, 128]",0.1,30,adam,0.33397219090567454,0.3225184145913714,0.30808346484306504,18,730278
429,0.001,32,"[1024, 512, 256, 128]",0.3,15,sgd,0.2800075159714393,0.31673097158891617,0.31351920042083115,15,3463846
430,0.0005,64,"[512, 256, 128]",0.1,20,sgd,0.2543780533633972,0.31673097158891617,0.3108890057864282,20,1554086
431,0.001,128,"[256, 128]",0.3,15,sgd,0.23389703119128147,0.31655559452823573,0.3096615816237068,15,730278
432,0.005,128,"[256, 128]",0.2,15,adam,0.3471251409244645,0.31445106980007015,0.30896019638786604,10,730278
433,0.001,64,"[1024, 512, 256, 128]",0.3,30,sgd,0.3212701991732431,0.3137495615573483,0.31860424338067683,30,3463846
434,0.0005,64,"[256, 128]",0.3,15,sgd,0.2385945133408493,0.31357418449666785,0.30860950376994567,15,730278
435,0.0001,32,"[256, 128]",0.1,30,sgd,0.2566328447951898,0.31024202034373904,0.3019463440294582,30,730278
436,0.005,128,"[1024, 512, 256, 128]",0.1,15,adam,0.37624953025178504,0.30918975797965625,0.31351920042083115,15,3463846
437,0.0005,64,"[1024, 512, 256, 128]",0.1,30,sgd,0.2717023675310034,0.30270080673447913,0.3059793091355427,30,3463846
438,0.0001,32,"[256, 128]",0.2,30,sgd,0.2322435174746336,0.30252542967379864,0.3021216903384184,30,730278
439,0.005,64,"[512, 256, 128]",0.1,20,adam,0.33694099962420143,0.29656260961066294,0.2945817990531299,17,1554086
440,0.0005,32,"[1024, 512, 256, 128]",0.2,20,sgd,0.2641112363773018,0.29533497018589966,0.2945817990531299,20,3463846
441,0.0005,64,"[256, 128]",0.2,15,sgd,0.2258173618940248,0.29340582251841457,0.28791863931264244,15,730278
442,0.0005,64,"[512, 256, 128]",0.2,20,sgd,0.23273205561818866,0.29235356015433184,0.28353498158863755,20,1554086
443,0.0005,32,"[1024, 512, 256, 128]",0.3,20,sgd,0.2130402104472003,0.2876183795159593,0.2819568648079958,20,3463846
444,0.001,64,"[1024, 512, 256, 128]",0.3,20,sgd,0.23660278090943254,0.28060329708874077,0.27897597755567244,20,3463846
445,0.0001,32,"[256, 128]",0.3,30,sgd,0.19086809470124014,0.27464047702560507,0.2742416272137472,30,730278
446,0.005,64,"[512, 256, 128]",0.2,20,adam,0.23160465990229237,0.2728867064188004,0.2814308258811152,14,1554086
447,0.005,32,"[256, 128]",0.2,15,adam,0.25310033821871475,0.27043142756927396,0.27441697352270733,15,730278
448,0.001,32,"[512, 256, 128]",0.3,20,adam,0.3438556933483653,0.26885303402314975,0.2652989654567771,12,1554086
449,0.005,128,"[1024, 512, 256, 128]",0.2,30,adam,0.2645997745208568,0.2672746404770256,0.26126600035069264,19,3463846
450,0.001,64,"[1024, 512, 256, 128]",0.3,20,adam,0.3241638481773769,0.2599088039284462,0.25916184464317027,13,3463846
451,0.001,32,"[512, 256, 128]",0.3,15,adam,0.297782788425404,0.2592072956857243,0.2532000701385236,10,1554086
452,0.001,128,"[512, 256, 128]",0.2,20,sgd,0.18556933483652763,0.25569975447211507,0.24075048220234965,20,1554086
453,0.005,128,"[256, 128]",0.3,30,adam,0.26523863209319803,0.25517362329007365,0.2575837278625285,11,730278
454,0.0005,64,"[1024, 512, 256, 128]",0.2,30,sgd,0.18883878241262683,0.2516660820764644,0.24460810099947397,30,3463846
455,0.001,32,"[1024, 512, 256, 128]",0.2,20,adam,0.31709883502442693,0.25113995089442304,0.2430299842188322,12,3463846
456,0.0005,128,"[256, 128]",0.2,20,sgd,0.17888012025554303,0.2507891967730621,0.2421532526740312,20,730278
457,0.001,128,"[512, 256, 128]",0.3,20,sgd,0.15791055993987224,0.24798316380217467,0.24092582851130984,20,1554086
458,0.005,64,"[1024, 512, 256, 128]",0.1,20,adam,0.2640360766629087,0.2446509996492459,0.24478344730843415,17,3463846
459,0.005,64,"[256, 128]",0.2,15,adam,0.26813228109733184,0.24324798316380217,0.24864106610555847,11,730278
460,0.005,64,"[512, 256, 128]",0.2,30,adam,0.2177001127395716,0.24096808137495615,0.23145712782745922,13,1554086
461,0.0005,32,"[1024, 512, 256, 128]",0.2,15,sgd,0.17756482525366404,0.23728516310066644,0.23566543924250394,15,3463846
462,0.0005,128,"[256, 128]",0.1,20,sgd,0.18323938369034198,0.23588214661522272,0.24232859898299142,20,730278
463,0.0005,32,"[1024, 512, 256, 128]",0.3,30,adam,0.32769635475385195,0.23447913012977903,0.2335612835349816,16,3463846
464,0.001,32,"[512, 256, 128]",0.3,30,adam,0.29703119128147315,0.22956857243072606,0.22532000701385235,8,1554086
465,0.001,32,"[1024, 512, 256, 128]",0.3,20,adam,0.26508831266441185,0.22904244124868467,0.23075574259161843,10,3463846
466,0.005,128,"[512, 256, 128]",0.2,30,adam,0.2961292747087561,0.2251841459137145,0.21479922847624058,12,1554086
467,0.0005,32,"[1024, 512, 256, 128]",0.1,15,sgd,0.16020293122886134,0.21816906348649598,0.2177801157285639,15,3463846
468,0.005,128,"[256, 128]",0.3,20,adam,0.30191657271702366,0.21781830936513505,0.21567596002104156,16,730278
469,0.001,32,"[1024, 512, 256, 128]",0.2,15,adam,0.25591882750845546,0.21729217818309365,0.21111695598807645,9,3463846
470,0.001,128,"[1024, 512, 256, 128]",0.2,30,sgd,0.16527621195039457,0.21483689933356717,0.21427318954935998,30,3463846
471,0.0005,64,"[512, 256, 128]",0.3,20,sgd,0.16189402480270576,0.21220624342336022,0.19726459758022094,20,1554086
472,0.0005,128,"[512, 256, 128]",0.1,30,sgd,0.14408117249154453,0.2113293581199579,0.213396458004559,30,1554086
473,0.001,64,"[1024, 512, 256, 128]",0.3,30,adam,0.2729425028184893,0.21010171869519467,0.21024022444327548,8,3463846
474,0.0005,64,"[512, 256, 128]",0.1,15,sgd,0.1439684329199549,0.20484040687478078,0.1984920217429423,15,1554086
475,0.001,64,"[1024, 512, 256, 128]",0.1,15,sgd,0.18027057497181512,0.20063135741844967,0.2034017183938278,15,3463846
476,0.0005,128,"[256, 128]",0.3,20,sgd,0.1362269823374671,0.194317783233953,0.1890233210590917,20,730278
477,0.001,128,"[512, 256, 128]",0.1,15,sgd,0.13543780533633973,0.19396702911259206,0.18516570226196738,15,1554086
478,0.001,64,"[1024, 512, 256, 128]",0.3,15,adam,0.3144306651634724,0.19326552086987023,0.19936875328774328,11,3463846
479,0.005,64,"[256, 128]",0.3,15,adam,0.19413754227733934,0.18326902841108383,0.17780115728563914,11,730278
480,0.001,128,"[1024, 512, 256, 128]",0.1,30,sgd,0.1521608417888012,0.18274289722904244,0.18165877608276346,30,3463846
481,0.005,128,"[1024, 512, 256, 128]",0.2,20,adam,0.20578729800826756,0.1787092248333918,0.17692442574083816,13,3463846
482,0.0005,32,"[1024, 512, 256, 128]",0.3,15,adam,0.23566328447951898,0.177656962469309,0.17219007539891285,8,3463846
483,0.005,64,"[512, 256, 128]",0.2,15,adam,0.2279218338970312,0.17379866713433884,0.17131334385411187,15,1554086
484,0.005,128,"[1024, 512, 256, 128]",0.2,15,adam,0.20886884629838406,0.1734479130129779,0.16885849552866913,8,3463846
485,0.005,32,"[256, 128]",0.2,30,adam,0.1493423524990605,0.16608207646439846,0.17183938278099245,21,730278
486,0.001,128,"[512, 256, 128]",0.2,15,sgd,0.11510710259301014,0.16274991231146965,0.16657899351218658,15,1554086
487,0.0005,64,"[512, 256, 128]",0.2,15,sgd,0.11785043216835776,0.16222378112942826,0.1606172190075399,15,1554086
488,0.001,64,"[1024, 512, 256, 128]",0.2,15,sgd,0.12386320931980459,0.16082076464398457,0.15903910222689813,15,3463846
489,0.0005,128,"[512, 256, 128]",0.2,30,sgd,0.1150695227358136,0.15941774815854087,0.15728563913729615,30,1554086
490,0.0005,128,"[256, 128]",0.2,15,sgd,0.12348741074783916,0.15906699403717994,0.15412940557601262,15,730278
491,0.005,128,"[1024, 512, 256, 128]",0.1,20,adam,0.14735062006764374,0.15748860049105576,0.15290198141329125,11,3463846
492,0.0001,32,"[256, 128]",0.2,20,sgd,0.12138293874483277,0.15626096106629253,0.15658425390145536,20,730278
493,0.0001,32,"[256, 128]",0.1,20,sgd,0.12701991732431417,0.1517011574886005,0.14694020690864457,20,730278
494,0.0005,32,"[1024, 512, 256, 128]",0.3,15,sgd,0.1025554302893649,0.14661522272886707,0.14343328072944064,15,3463846
495,0.005,64,"[1024, 512, 256, 128]",0.2,15,adam,0.13175497933107855,0.1453875833041038,0.14167981763983867,6,3463846
496,0.0005,128,"[256, 128]",0.1,15,sgd,0.12288613303269448,0.1453875833041038,0.14483605120112222,15,730278
497,0.005,64,"[256, 128]",0.3,30,adam,0.16226982337467116,0.14380918975797966,0.14869366999824654,14,730278
498,0.001,64,"[1024, 512, 256, 128]",0.3,15,sgd,0.10931980458474258,0.1417046650298141,0.13852358407855514,15,3463846
499,0.0005,64,"[1024, 512, 256, 128]",0.3,30,sgd,0.10807966929725667,0.14030164854437038,0.13817289146063474,30,3463846
500,0.005,64,"[256, 128]",0.3,20,adam,0.19748214956783164,0.1369694843914416,0.13694546729791338,12,730278
501,0.001,128,"[1024, 512, 256, 128]",0.3,30,sgd,0.11371664787673808,0.13135741844966678,0.1318604243380677,30,3463846
502,0.001,128,"[512, 256, 128]",0.3,15,sgd,0.10300638857572342,0.13065591020694492,0.13501665789935122,15,1554086
503,0.001,128,"[1024, 512, 256, 128]",0.1,20,sgd,0.11337842916196919,0.12907751666082076,0.1304576538663861,20,3463846
504,0.005,64,"[1024, 512, 256, 128]",0.1,30,adam,0.13416009019165728,0.12486846720448966,0.13028230755742592,8,3463846
505,0.0001,32,"[256, 128]",0.3,20,sgd,0.11300263059000376,0.12364082777972642,0.12309310889005787,20,730278
506,0.0005,64,"[512, 256, 128]",0.3,15,sgd,0.10330702743329576,0.12065941774815854,0.12221637734525688,15,1554086
507,0.005,128,"[1024, 512, 256, 128]",0.3,15,adam,0.09992484028560691,0.12048404068747808,0.11906014378397335,6,3463846
508,0.005,32,"[1024, 512, 256, 128]",0.1,20,adam,0.1250281848928974,0.11960715538407576,0.12852884446782395,7,3463846
509,0.001,32,"[1024, 512, 256, 128]",0.3,30,adam,0.1326944757609921,0.11504735180638373,0.11450113975100824,6,3463846
510,0.0005,128,"[512, 256, 128]",0.3,30,sgd,0.09883502442690718,0.1146965976850228,0.11432579344204805,30,1554086
511,0.0005,128,"[256, 128]",0.3,15,sgd,0.09992484028560691,0.11189056471413539,0.10959144310012274,15,730278
512,0.0001,32,"[512, 256, 128]",0.1,30,sgd,0.10920706501315296,0.11189056471413539,0.11046817464492373,30,1554086
513,0.0001,64,"[256, 128]",0.2,30,sgd,0.10886884629838407,0.11189056471413539,0.11029282833596353,30,730278
514,0.005,64,"[1024, 512, 256, 128]",0.2,30,adam,0.11754979331078542,0.11066292528937215,0.11239698404348589,8,3463846
515,0.005,128,"[512, 256, 128]",0.3,20,adam,0.2099586621570838,0.11031217116801123,0.10976678940908294,10,1554086
516,0.001,128,"[1024, 512, 256, 128]",0.2,20,sgd,0.09255918827508455,0.10838302350052613,0.10643520953883921,20,3463846
517,0.0001,64,"[256, 128]",0.1,30,sgd,0.09819616685456595,0.10715538407576289,0.10590917061195862,30,730278
518,0.0001,32,"[256, 128]",0.2,15,sgd,0.09879744456971064,0.10505085934759734,0.10292828335963528,15,730278
519,0.0005,64,"[1024, 512, 256, 128]",0.2,20,sgd,0.09624201428034573,0.10364784286215363,0.10047343503419252,20,3463846
520,0.005,64,"[512, 256, 128]",0.3,20,adam,0.10326944757609921,0.10171869519466854,0.09819393301770998,6,1554086
521,0.0001,32,"[512, 256, 128]",0.2,30,sgd,0.09891018414130026,0.10136794107330761,0.10538313168507803,30,1554086
522,0.005,32,"[512, 256, 128]",0.2,20,adam,0.10507328072153325,0.0985619081024202,0.10433105383131686,7,1554086
523,0.0005,64,"[1024, 512, 256, 128]",0.1,20,sgd,0.07733934611048478,0.09768502279901789,0.09819393301770998,20,3463846
524,0.005,64,"[1024, 512, 256, 128]",0.1,15,adam,0.14306651634723788,0.09540512101017187,0.09451166052954585,14,3463846
525,0.005,128,"[512, 256, 128]",0.3,15,adam,0.12382562946260804,0.09487898982813048,0.0969665088549886,7,1554086
526,0.005,128,"[1024, 512, 256, 128]",0.3,20,adam,0.10759113115370161,0.08733777621887057,0.09030334911450114,8,3463846
527,0.0001,32,"[256, 128]",0.3,15,sgd,0.07805336339721909,0.08698702209750965,0.09030334911450114,15,730278
528,0.005,64,"[512, 256, 128]",0.3,15,adam,0.14235249906050357,0.08470712030866363,0.08346484306505349,7,1554086
529,0.005,128,"[1024, 512, 256, 128]",0.3,30,adam,0.11146185644494551,0.07874430024552788,0.0778537611783272,6,3463846
530,0.001,128,"[1024, 512, 256, 128]",0.3,20,sgd,0.05892521608417888,0.07874430024552788,0.07855514641416798,20,3463846
531,0.001,32,"[1024, 512, 256, 128]",0.3,15,adam,0.1478391582111988,0.07804279200280603,0.07382079607224268,6,3463846
532,0.005,128,"[512, 256, 128]",0.3,30,adam,0.16708004509582863,0.07699052963872326,0.07837980010520779,8,1554086
533,0.005,32,"[256, 128]",0.3,20,adam,0.08203682826005261,0.07663977551736233,0.0775030685604068,9,730278
534,0.0001,32,"[512, 256, 128]",0.3,30,sgd,0.08075911311537017,0.07663977551736233,0.07680168332456602,30,1554086
535,0.0001,64,"[256, 128]",0.3,30,sgd,0.07373167981961669,0.07663977551736233,0.07697702963352622,30,730278
536,0.005,32,"[256, 128]",0.2,20,adam,0.09116873355881247,0.07207997193967029,0.07557425916184464,15,730278
537,0.0005,128,"[512, 256, 128]",0.2,20,sgd,0.06005261180007516,0.06576639775517362,0.06663159740487462,20,1554086
538,0.0001,32,"[256, 128]",0.1,15,sgd,0.06523863209319805,0.06418800420904945,0.0627739786077503,15,730278
539,0.0005,128,"[512, 256, 128]",0.1,20,sgd,0.053626456219466365,0.05787443002455279,0.05768893564790461,20,1554086
540,0.005,32,"[1024, 512, 256, 128]",0.1,15,adam,0.05261180007515971,0.0526131182041389,0.052603892688058915,11,3463846
541,0.005,32,"[1024, 512, 256, 128]",0.1,30,adam,0.05261180007515971,0.0526131182041389,0.052603892688058915,8,3463846
542,0.005,32,"[1024, 512, 256, 128]",0.2,15,adam,0.05261180007515971,0.0526131182041389,0.052603892688058915,15,3463846
543,0.005,32,"[1024, 512, 256, 128]",0.2,20,adam,0.05261180007515971,0.0526131182041389,0.052603892688058915,20,3463846
544,0.005,32,"[1024, 512, 256, 128]",0.2,30,adam,0.05261180007515971,0.0526131182041389,0.052603892688058915,9,3463846
545,0.005,32,"[1024, 512, 256, 128]",0.3,15,adam,0.05261180007515971,0.0526131182041389,0.052603892688058915,9,3463846
546,0.005,32,"[1024, 512, 256, 128]",0.3,20,adam,0.05261180007515971,0.0526131182041389,0.052603892688058915,10,3463846
547,0.005,32,"[1024, 512, 256, 128]",0.3,30,adam,0.05261180007515971,0.0526131182041389,0.052603892688058915,10,3463846
548,0.005,32,"[512, 256, 128]",0.1,15,adam,0.05261180007515971,0.0526131182041389,0.052603892688058915,12,1554086
549,0.005,32,"[512, 256, 128]",0.1,20,adam,0.05261180007515971,0.0526131182041389,0.052603892688058915,16,1554086
550,0.005,32,"[512, 256, 128]",0.1,30,adam,0.05261180007515971,0.0526131182041389,0.052603892688058915,10,1554086
551,0.005,32,"[512, 256, 128]",0.2,15,adam,0.05261180007515971,0.0526131182041389,0.052603892688058915,14,1554086
552,0.005,32,"[512, 256, 128]",0.2,30,adam,0.05261180007515971,0.0526131182041389,0.052603892688058915,9,1554086
553,0.005,32,"[512, 256, 128]",0.3,15,adam,0.05261180007515971,0.0526131182041389,0.052603892688058915,15,1554086
554,0.005,32,"[512, 256, 128]",0.3,20,adam,0.05261180007515971,0.0526131182041389,0.052603892688058915,9,1554086
555,0.005,32,"[512, 256, 128]",0.3,30,adam,0.05261180007515971,0.0526131182041389,0.052603892688058915,11,1554086
556,0.005,32,"[256, 128]",0.3,15,adam,0.07034949267192785,0.0526131182041389,0.052603892688058915,13,730278
557,0.005,32,"[256, 128]",0.3,30,adam,0.05261180007515971,0.0526131182041389,0.052603892688058915,12,730278
558,0.005,64,"[1024, 512, 256, 128]",0.2,20,adam,0.05261180007515971,0.0526131182041389,0.052603892688058915,8,3463846
559,0.005,64,"[1024, 512, 256, 128]",0.3,15,adam,0.05261180007515971,0.0526131182041389,0.052603892688058915,15,3463846
560,0.005,64,"[1024, 512, 256, 128]",0.3,30,adam,0.05261180007515971,0.0526131182041389,0.052603892688058915,16,3463846
561,0.005,64,"[512, 256, 128]",0.3,30,adam,0.05261180007515971,0.0526131182041389,0.052603892688058915,13,1554086
562,0.001,128,"[1024, 512, 256, 128]",0.1,15,sgd,0.05261180007515971,0.0526131182041389,0.052603892688058915,15,3463846
563,0.001,128,"[1024, 512, 256, 128]",0.2,15,sgd,0.05261180007515971,0.0526131182041389,0.052603892688058915,15,3463846
564,0.001,128,"[1024, 512, 256, 128]",0.3,15,sgd,0.05261180007515971,0.0526131182041389,0.052603892688058915,15,3463846
565,0.0005,64,"[1024, 512, 256, 128]",0.1,15,sgd,0.05261180007515971,0.0526131182041389,0.052603892688058915,15,3463846
566,0.0005,64,"[1024, 512, 256, 128]",0.2,15,sgd,0.05261180007515971,0.0526131182041389,0.052603892688058915,15,3463846
567,0.0005,64,"[1024, 512, 256, 128]",0.3,15,sgd,0.05261180007515971,0.0526131182041389,0.052603892688058915,15,3463846
568,0.0005,64,"[1024, 512, 256, 128]",0.3,20,sgd,0.05261180007515971,0.0526131182041389,0.052603892688058915,20,3463846
569,0.0005,128,"[1024, 512, 256, 128]",0.1,15,sgd,0.05261180007515971,0.0526131182041389,0.052603892688058915,15,3463846
570,0.0005,128,"[1024, 512, 256, 128]",0.1,20,sgd,0.05261180007515971,0.0526131182041389,0.052603892688058915,20,3463846
571,0.0005,128,"[1024, 512, 256, 128]",0.1,30,sgd,0.05261180007515971,0.0526131182041389,0.052603892688058915,30,3463846
572,0.0005,128,"[1024, 512, 256, 128]",0.2,15,sgd,0.05261180007515971,0.0526131182041389,0.052603892688058915,15,3463846
573,0.0005,128,"[1024, 512, 256, 128]",0.2,20,sgd,0.05261180007515971,0.0526131182041389,0.052603892688058915,20,3463846
574,0.0005,128,"[1024, 512, 256, 128]",0.2,30,sgd,0.05261180007515971,0.0526131182041389,0.052603892688058915,30,3463846
575,0.0005,128,"[1024, 512, 256, 128]",0.3,15,sgd,0.05261180007515971,0.0526131182041389,0.052603892688058915,15,3463846
576,0.0005,128,"[1024, 512, 256, 128]",0.3,20,sgd,0.05261180007515971,0.0526131182041389,0.052603892688058915,20,3463846
577,0.0005,128,"[1024, 512, 256, 128]",0.3,30,sgd,0.05261180007515971,0.0526131182041389,0.052603892688058915,30,3463846
578,0.0005,128,"[512, 256, 128]",0.1,15,sgd,0.05261180007515971,0.0526131182041389,0.052603892688058915,15,1554086
579,0.0005,128,"[512, 256, 128]",0.2,15,sgd,0.05261180007515971,0.0526131182041389,0.052603892688058915,15,1554086
580,0.0005,128,"[512, 256, 128]",0.3,15,sgd,0.05261180007515971,0.0526131182041389,0.052603892688058915,15,1554086
581,0.0005,128,"[512, 256, 128]",0.3,20,sgd,0.05264937993235626,0.0526131182041389,0.052603892688058915,20,1554086
582,0.0001,32,"[1024, 512, 256, 128]",0.1,15,sgd,0.05261180007515971,0.0526131182041389,0.052603892688058915,15,3463846
583,0.0001,32,"[1024, 512, 256, 128]",0.1,20,sgd,0.05261180007515971,0.0526131182041389,0.052603892688058915,20,3463846
584,0.0001,32,"[1024, 512, 256, 128]",0.1,30,sgd,0.05261180007515971,0.0526131182041389,0.052603892688058915,30,3463846
585,0.0001,32,"[1024, 512, 256, 128]",0.2,15,sgd,0.05261180007515971,0.0526131182041389,0.052603892688058915,15,3463846
586,0.0001,32,"[1024, 512, 256, 128]",0.2,20,sgd,0.05261180007515971,0.0526131182041389,0.052603892688058915,20,3463846
587,0.0001,32,"[1024, 512, 256, 128]",0.2,30,sgd,0.05261180007515971,0.0526131182041389,0.052603892688058915,30,3463846
588,0.0001,32,"[1024, 512, 256, 128]",0.3,15,sgd,0.05261180007515971,0.0526131182041389,0.052603892688058915,15,3463846
589,0.0001,32,"[1024, 512, 256, 128]",0.3,20,sgd,0.05261180007515971,0.0526131182041389,0.052603892688058915,20,3463846
590,0.0001,32,"[1024, 512, 256, 128]",0.3,30,sgd,0.05261180007515971,0.0526131182041389,0.052603892688058915,30,3463846
591,0.0001,32,"[512, 256, 128]",0.1,15,sgd,0.05261180007515971,0.0526131182041389,0.052603892688058915,15,1554086
592,0.0001,32,"[512, 256, 128]",0.1,20,sgd,0.05302517850432168,0.0526131182041389,0.052603892688058915,20,1554086
593,0.0001,32,"[512, 256, 128]",0.2,15,sgd,0.05261180007515971,0.0526131182041389,0.052603892688058915,15,1554086
594,0.0001,32,"[512, 256, 128]",0.2,20,sgd,0.05261180007515971,0.0526131182041389,0.052603892688058915,20,1554086
595,0.0001,32,"[512, 256, 128]",0.3,15,sgd,0.05261180007515971,0.0526131182041389,0.052603892688058915,15,1554086
596,0.0001,32,"[512, 256, 128]",0.3,20,sgd,0.05261180007515971,0.0526131182041389,0.052603892688058915,20,1554086
597,0.0001,64,"[1024, 512, 256, 128]",0.1,15,sgd,0.05261180007515971,0.0526131182041389,0.052603892688058915,15,3463846
598,0.0001,64,"[1024, 512, 256, 128]",0.1,20,sgd,0.05261180007515971,0.0526131182041389,0.052603892688058915,20,3463846
599,0.0001,64,"[1024, 512, 256, 128]",0.1,30,sgd,0.05261180007515971,0.0526131182041389,0.052603892688058915,30,3463846
600,0.0001,64,"[1024, 512, 256, 128]",0.2,15,sgd,0.05261180007515971,0.0526131182041389,0.052603892688058915,15,3463846
601,0.0001,64,"[1024, 512, 256, 128]",0.2,20,sgd,0.05261180007515971,0.0526131182041389,0.052603892688058915,20,3463846
602,0.0001,64,"[1024, 512, 256, 128]",0.2,30,sgd,0.05261180007515971,0.0526131182041389,0.052603892688058915,30,3463846
603,0.0001,64,"[1024, 512, 256, 128]",0.3,15,sgd,0.05261180007515971,0.0526131182041389,0.052603892688058915,15,3463846
604,0.0001,64,"[1024, 512, 256, 128]",0.3,20,sgd,0.05261180007515971,0.0526131182041389,0.052603892688058915,20,3463846
605,0.0001,64,"[1024, 512, 256, 128]",0.3,30,sgd,0.05261180007515971,0.0526131182041389,0.052603892688058915,30,3463846
606,0.0001,64,"[512, 256, 128]",0.1,15,sgd,0.05261180007515971,0.0526131182041389,0.052603892688058915,15,1554086
607,0.0001,64,"[512, 256, 128]",0.1,20,sgd,0.05261180007515971,0.0526131182041389,0.052603892688058915,20,1554086
608,0.0001,64,"[512, 256, 128]",0.1,30,sgd,0.05261180007515971,0.0526131182041389,0.052603892688058915,30,1554086
609,0.0001,64,"[512, 256, 128]",0.2,15,sgd,0.05261180007515971,0.0526131182041389,0.052603892688058915,15,1554086
610,0.0001,64,"[512, 256, 128]",0.2,20,sgd,0.05261180007515971,0.0526131182041389,0.052603892688058915,20,1554086
611,0.0001,64,"[512, 256, 128]",0.2,30,sgd,0.05261180007515971,0.0526131182041389,0.052603892688058915,30,1554086
612,0.0001,64,"[512, 256, 128]",0.3,15,sgd,0.05261180007515971,0.0526131182041389,0.052603892688058915,15,1554086
613,0.0001,64,"[512, 256, 128]",0.3,20,sgd,0.05261180007515971,0.0526131182041389,0.052603892688058915,20,1554086
614,0.0001,64,"[512, 256, 128]",0.3,30,sgd,0.05261180007515971,0.0526131182041389,0.052603892688058915,30,1554086
615,0.0001,64,"[256, 128]",0.1,15,sgd,0.05261180007515971,0.0526131182041389,0.052603892688058915,15,730278
616,0.0001,64,"[256, 128]",0.1,20,sgd,0.05261180007515971,0.0526131182041389,0.052603892688058915,20,730278
617,0.0001,64,"[256, 128]",0.2,15,sgd,0.05261180007515971,0.0526131182041389,0.052603892688058915,15,730278
618,0.0001,64,"[256, 128]",0.2,20,sgd,0.05264937993235626,0.0526131182041389,0.052603892688058915,20,730278
619,0.0001,64,"[256, 128]",0.3,15,sgd,0.05261180007515971,0.0526131182041389,0.052603892688058915,15,730278
620,0.0001,64,"[256, 128]",0.3,20,sgd,0.053325817361894026,0.0526131182041389,0.052603892688058915,20,730278
621,0.0001,128,"[1024, 512, 256, 128]",0.1,20,sgd,0.05261180007515971,0.0526131182041389,0.052603892688058915,20,3463846
622,0.0001,128,"[1024, 512, 256, 128]",0.1,30,sgd,0.05261180007515971,0.0526131182041389,0.052603892688058915,30,3463846
623,0.0001,128,"[1024, 512, 256, 128]",0.2,15,sgd,0.05253664036076663,0.0526131182041389,0.052603892688058915,15,3463846
624,0.0001,128,"[1024, 512, 256, 128]",0.2,20,sgd,0.04573468620819241,0.0526131182041389,0.052603892688058915,20,3463846
625,0.0001,128,"[1024, 512, 256, 128]",0.2,30,sgd,0.05261180007515971,0.0526131182041389,0.052603892688058915,30,3463846
626,0.0001,128,"[1024, 512, 256, 128]",0.3,15,sgd,0.05219842164599774,0.0526131182041389,0.052603892688058915,15,3463846
627,0.0001,128,"[1024, 512, 256, 128]",0.3,20,sgd,0.05062006764374295,0.0526131182041389,0.052603892688058915,20,3463846
628,0.0001,128,"[1024, 512, 256, 128]",0.3,30,sgd,0.05261180007515971,0.0526131182041389,0.052603892688058915,30,3463846
629,0.0001,128,"[512, 256, 128]",0.1,15,sgd,0.052048102217211574,0.0526131182041389,0.052603892688058915,15,1554086
630,0.0001,128,"[512, 256, 128]",0.1,20,sgd,0.05261180007515971,0.0526131182041389,0.052603892688058915,20,1554086
631,0.0001,128,"[512, 256, 128]",0.1,30,sgd,0.05261180007515971,0.0526131182041389,0.052603892688058915,30,1554086
632,0.0001,128,"[512, 256, 128]",0.2,15,sgd,0.044118752348741075,0.0526131182041389,0.052603892688058915,15,1554086
633,0.0001,128,"[512, 256, 128]",0.2,20,sgd,0.05261180007515971,0.0526131182041389,0.052603892688058915,20,1554086
634,0.0001,128,"[512, 256, 128]",0.2,30,sgd,0.05261180007515971,0.0526131182041389,0.052603892688058915,30,1554086
635,0.0001,128,"[512, 256, 128]",0.3,15,sgd,0.04284103720405862,0.0526131182041389,0.052603892688058915,15,1554086
636,0.0001,128,"[512, 256, 128]",0.3,20,sgd,0.05264937993235626,0.0526131182041389,0.052603892688058915,20,1554086
637,0.0001,128,"[512, 256, 128]",0.3,30,sgd,0.05261180007515971,0.0526131182041389,0.052603892688058915,30,1554086
638,0.0001,128,"[256, 128]",0.1,15,sgd,0.05261180007515971,0.0526131182041389,0.052603892688058915,15,730278
639,0.0001,128,"[256, 128]",0.1,20,sgd,0.05261180007515971,0.0526131182041389,0.052603892688058915,20,730278
640,0.0001,128,"[256, 128]",0.1,30,sgd,0.05261180007515971,0.0526131182041389,0.052603892688058915,30,730278
641,0.0001,128,"[256, 128]",0.2,15,sgd,0.05261180007515971,0.0526131182041389,0.052603892688058915,15,730278
642,0.0001,128,"[256, 128]",0.2,20,sgd,0.05261180007515971,0.0526131182041389,0.052603892688058915,20,730278
643,0.0001,128,"[256, 128]",0.2,30,sgd,0.05261180007515971,0.0526131182041389,0.052603892688058915,30,730278
644,0.0001,128,"[256, 128]",0.3,15,sgd,0.05261180007515971,0.0526131182041389,0.052603892688058915,15,730278
645,0.0001,128,"[256, 128]",0.3,20,sgd,0.05253664036076663,0.0526131182041389,0.052603892688058915,20,730278
646,0.0001,128,"[256, 128]",0.3,30,sgd,0.05272453964674934,0.0526131182041389,0.052603892688058915,30,730278
647,0.005,64,"[1024, 512, 256, 128]",0.3,20,adam,0.08143555054490793,0.03612767450017538,0.04120638260564615,10,3463846
648,0.0001,128,"[1024, 512, 256, 128]",0.1,15,sgd,0.026418639609169486,0.02630655910206945,0.026301946344029457,15,3463846
